<?xml version="1.0"?>

<beans xmlns="http://www.springframework.org/schema/beans" xmlns:xsi="http://www.w3.org/2001/XMLSchema-instance" default-destroy-method="destroy" default-init-method="afterPropertiesSet" xsi:schemaLocation="http://www.springframework.org/schema/beans http://www.springframework.org/schema/beans/spring-beans-3.0.xsd">
	<bean id="com.cloud.tags.service.CartsLocalService" class="com.cloud.tags.service.impl.CartsLocalServiceImpl" />
	<bean id="com.cloud.tags.service.persistence.CartsPersistence" class="com.cloud.tags.service.persistence.CartsPersistenceImpl" parent="basePersistence" />
	<bean id="com.cloud.tags.service.CartsDesignersLocalService" class="com.cloud.tags.service.impl.CartsDesignersLocalServiceImpl" />
	<bean id="com.cloud.tags.service.persistence.CartsDesignersPersistence" class="com.cloud.tags.service.persistence.CartsDesignersPersistenceImpl" parent="basePersistence" />
	<bean id="com.cloud.tags.service.DesignersLocalService" class="com.cloud.tags.service.impl.DesignersLocalServiceImpl" />
	<bean id="com.cloud.tags.service.DesignersService" class="com.cloud.tags.service.impl.DesignersServiceImpl" />
	<bean id="com.cloud.tags.service.persistence.DesignersPersistence" class="com.cloud.tags.service.persistence.DesignersPersistenceImpl" parent="basePersistence" />
	<bean id="com.cloud.tags.service.DesignersBarcodeLocalService" class="com.cloud.tags.service.impl.DesignersBarcodeLocalServiceImpl" />
	<bean id="com.cloud.tags.service.DesignersBarcodeService" class="com.cloud.tags.service.impl.DesignersBarcodeServiceImpl" />
	<bean id="com.cloud.tags.service.persistence.DesignersBarcodePersistence" class="com.cloud.tags.service.persistence.DesignersBarcodePersistenceImpl" parent="basePersistence" />
	<bean id="com.cloud.tags.service.DesignersImagesLocalService" class="com.cloud.tags.service.impl.DesignersImagesLocalServiceImpl" />
	<bean id="com.cloud.tags.service.DesignersImagesService" class="com.cloud.tags.service.impl.DesignersImagesServiceImpl" />
	<bean id="com.cloud.tags.service.persistence.DesignersImagesPersistence" class="com.cloud.tags.service.persistence.DesignersImagesPersistenceImpl" parent="basePersistence" />
	<bean id="com.cloud.tags.service.ImpressionsLocalService" class="com.cloud.tags.service.impl.ImpressionsLocalServiceImpl" />
	<bean id="com.cloud.tags.service.persistence.ImpressionsPersistence" class="com.cloud.tags.service.persistence.ImpressionsPersistenceImpl" parent="basePersistence" />
	<bean id="com.cloud.tags.service.RecommendationsLocalService" class="com.cloud.tags.service.impl.RecommendationsLocalServiceImpl" />
	<bean id="com.cloud.tags.service.RecommendationsService" class="com.cloud.tags.service.impl.RecommendationsServiceImpl" />
	<bean id="com.cloud.tags.service.persistence.RecommendationsPersistence" class="com.cloud.tags.service.persistence.RecommendationsPersistenceImpl" parent="basePersistence" />
</beans>