<?xml version="1.0"?>
<!DOCTYPE hibernate-mapping PUBLIC "-//Hibernate/Hibernate Mapping DTD 3.0//EN" "http://hibernate.sourceforge.net/hibernate-mapping-3.0.dtd">

<hibernate-mapping default-lazy="false" auto-import="false">
	<import class="com.cloud.tags.model.Carts" />
	<import class="com.cloud.tags.model.CartsDesigners" />
	<import class="com.cloud.tags.model.Designers" />
	<import class="com.cloud.tags.model.DesignersBarcode" />
	<import class="com.cloud.tags.model.DesignersImages" />
	<import class="com.cloud.tags.model.Impressions" />
	<import class="com.cloud.tags.model.Recommendations" />
	<class name="com.cloud.tags.model.impl.CartsImpl" table="carts">
		<cache usage="read-write" />
		<id name="cartId" type="long">
			<generator class="increment" />
		</id>
		<property name="userId" type="com.liferay.portal.dao.orm.hibernate.LongType" />
		<property name="createDate" type="org.hibernate.type.TimestampType" />
		<property name="modifiedDate" type="org.hibernate.type.TimestampType" />
		<property name="session_id" type="com.liferay.portal.dao.orm.hibernate.StringType" />
		<property name="staffId" type="com.liferay.portal.dao.orm.hibernate.StringType" />
	</class>
	<class name="com.cloud.tags.model.impl.CartsDesignersImpl" table="cart_designers">
		<cache usage="read-write" />
		<id name="cartDesignerId" type="long">
			<generator class="increment" />
		</id>
		<property name="cartId" type="com.liferay.portal.dao.orm.hibernate.LongType" />
		<property name="designId" type="com.liferay.portal.dao.orm.hibernate.LongType" />
		<property name="createDate" type="org.hibernate.type.TimestampType" />
		<property name="modifiedDate" type="org.hibernate.type.TimestampType" />
		<property name="kept" type="com.liferay.portal.dao.orm.hibernate.BooleanType" />
		<property name="favorite" type="com.liferay.portal.dao.orm.hibernate.BooleanType" />
	</class>
	<class name="com.cloud.tags.model.impl.DesignersImpl" table="designers">
		<cache usage="read-write" />
		<id name="designId" type="long">
			<generator class="increment" />
		</id>
		<property name="userId" type="com.liferay.portal.dao.orm.hibernate.LongType" />
		<property name="companyId" type="com.liferay.portal.dao.orm.hibernate.LongType" />
		<property name="groupId" type="com.liferay.portal.dao.orm.hibernate.LongType" />
		<property name="createDate" type="org.hibernate.type.TimestampType" />
		<property name="modifiedDate" type="org.hibernate.type.TimestampType" />
		<property name="name" type="com.liferay.portal.dao.orm.hibernate.StringType" />
		<property name="productTitle" type="com.liferay.portal.dao.orm.hibernate.StringType" />
		<property name="description" type="com.liferay.portal.dao.orm.hibernate.StringType" />
		<property name="shortDescription" type="com.liferay.portal.dao.orm.hibernate.StringType" />
		<property name="price" type="com.liferay.portal.dao.orm.hibernate.StringType" />
		<property name="public_url" type="com.liferay.portal.dao.orm.hibernate.StringType" />
		<property name="short_url" type="com.liferay.portal.dao.orm.hibernate.StringType" />
		<property name="slug" type="com.liferay.portal.dao.orm.hibernate.StringType" />
		<property name="sizes" type="com.liferay.portal.dao.orm.hibernate.StringType" />
		<property name="colors" type="com.liferay.portal.dao.orm.hibernate.StringType" />
		<property name="brand" type="com.liferay.portal.dao.orm.hibernate.StringType" />
		<property name="saleprice" type="com.liferay.portal.dao.orm.hibernate.StringType" />
		<property name="retailprice" type="com.liferay.portal.dao.orm.hibernate.StringType" />
		<property name="instock" type="com.liferay.portal.dao.orm.hibernate.StringType" />
		<property name="parentid" type="com.liferay.portal.dao.orm.hibernate.StringType" />
		<property name="category" type="com.liferay.portal.dao.orm.hibernate.StringType" />
		<property name="productcode" type="com.liferay.portal.dao.orm.hibernate.StringType" />
		<property name="barcode" type="com.liferay.portal.dao.orm.hibernate.StringType" />
		<property name="matchWith" type="com.liferay.portal.dao.orm.hibernate.StringType" />
		<property name="timerDate" type="com.liferay.portal.dao.orm.hibernate.StringType" />
		<property name="tabcurrent" type="com.liferay.portal.dao.orm.hibernate.BooleanType" />
		<property name="liked" type="com.liferay.portal.dao.orm.hibernate.LongType" />
		<property name="ctapp_shorturl" type="com.liferay.portal.dao.orm.hibernate.BooleanType" />
		<property name="ctapp_shorturl_success" type="com.liferay.portal.dao.orm.hibernate.BooleanType" />
	</class>
	<class name="com.cloud.tags.model.impl.DesignersBarcodeImpl" table="designer_barcodes">
		<cache usage="read-write" />
		<id name="designerBarcodeId" type="long">
			<generator class="increment" />
		</id>
		<property name="barcodeId" type="com.liferay.portal.dao.orm.hibernate.LongType" />
		<property name="designId" type="com.liferay.portal.dao.orm.hibernate.LongType" />
		<property name="createDate" type="org.hibernate.type.TimestampType" />
		<property name="modifiedDate" type="org.hibernate.type.TimestampType" />
	</class>
	<class name="com.cloud.tags.model.impl.DesignersImagesImpl" table="designers_images">
		<cache usage="read-write" />
		<id name="designImageId" type="long">
			<generator class="increment" />
		</id>
		<property name="designId" type="com.liferay.portal.dao.orm.hibernate.LongType" />
		<property name="entity_image1" type="com.liferay.portal.dao.orm.hibernate.StringType" />
		<property name="entity_image2" type="com.liferay.portal.dao.orm.hibernate.StringType" />
		<property name="entity_image3" type="com.liferay.portal.dao.orm.hibernate.StringType" />
		<property name="entity_image4" type="com.liferay.portal.dao.orm.hibernate.StringType" />
		<property name="entity_image5" type="com.liferay.portal.dao.orm.hibernate.StringType" />
		<property name="entity_image6" type="com.liferay.portal.dao.orm.hibernate.StringType" />
		<property name="entity_image7" type="com.liferay.portal.dao.orm.hibernate.StringType" />
		<property name="entity_image8" type="com.liferay.portal.dao.orm.hibernate.StringType" />
		<property name="entity_image9" type="com.liferay.portal.dao.orm.hibernate.StringType" />
		<property name="entity_image10" type="com.liferay.portal.dao.orm.hibernate.StringType" />
		<property name="large_image_url" type="com.liferay.portal.dao.orm.hibernate.StringType" />
		<property name="small_image_url" type="com.liferay.portal.dao.orm.hibernate.StringType" />
		<property name="profile_image_url" type="com.liferay.portal.dao.orm.hibernate.StringType" />
	</class>
	<class name="com.cloud.tags.model.impl.ImpressionsImpl" table="Impressions">
		<cache usage="read-write" />
		<id name="recId" type="long">
			<generator class="increment" />
		</id>
		<property name="impressionType" type="com.liferay.portal.dao.orm.hibernate.StringType" />
		<property name="impressionId" type="com.liferay.portal.dao.orm.hibernate.StringType" />
		<property name="impressionAction" type="com.liferay.portal.dao.orm.hibernate.StringType" />
		<property name="ipAddress" type="com.liferay.portal.dao.orm.hibernate.StringType" />
		<property name="session_Id" type="com.liferay.portal.dao.orm.hibernate.StringType" />
		<property name="companyId" type="com.liferay.portal.dao.orm.hibernate.StringType" />
		<property name="createDate" type="org.hibernate.type.TimestampType" />
	</class>
	<class name="com.cloud.tags.model.impl.RecommendationsImpl" table="recommendations">
		<cache usage="read-write" />
		<id name="recId" type="long">
			<generator class="increment" />
		</id>
		<property name="designer1" type="com.liferay.portal.dao.orm.hibernate.StringType" />
		<property name="designer2" type="com.liferay.portal.dao.orm.hibernate.StringType" />
		<property name="_type" type="com.liferay.portal.dao.orm.hibernate.LongType" />
		<property name="percentage" type="com.liferay.portal.dao.orm.hibernate.DoubleType" />
		<property name="companyId" type="com.liferay.portal.dao.orm.hibernate.LongType" />
	</class>
</hibernate-mapping>