<?xml version="1.0"?>
<!DOCTYPE liferay-portlet-app PUBLIC "-//Liferay//DTD Portlet Application 6.2.0//EN" "http://www.liferay.com/dtd/liferay-portlet-app_6_2_0.dtd">

<liferay-portlet-app>
	
	<portlet>
		<portlet-name>cloudtags</portlet-name>
		<icon>/icon.png</icon>
		<instanceable>false</instanceable>
		<header-portlet-css>/css/main.css</header-portlet-css>
		<footer-portlet-javascript>
			/js/main.js
		</footer-portlet-javascript>
		<css-class-wrapper>cloudtags-portlet</css-class-wrapper>
	</portlet>
	<portlet>
		<portlet-name>recommendation</portlet-name>
		<icon>/icon.png</icon>
		<instanceable>false</instanceable>
		<private-session-attributes>false</private-session-attributes>
		<header-portlet-css>/css/main.css</header-portlet-css>
		<footer-portlet-javascript>
			/js/main.js
		</footer-portlet-javascript>
		<css-class-wrapper>recommendation-portlet</css-class-wrapper>
	</portlet>
	<portlet>
		<portlet-name>emailnotification</portlet-name>
		<icon>/icon.png</icon>
		<instanceable>false</instanceable>
		<private-session-attributes>false</private-session-attributes>

		<header-portlet-css>/css/main.css</header-portlet-css>
		<footer-portlet-javascript>
			/js/main.js
		</footer-portlet-javascript>
		<css-class-wrapper>emailnotification-portlet</css-class-wrapper>
	</portlet>
	<portlet>
		<portlet-name>shortlist</portlet-name>
		<icon>/icon.png</icon>
		<instanceable>false</instanceable>
		<private-session-attributes>false</private-session-attributes>

		<header-portlet-css>/css/main.css</header-portlet-css>
		<footer-portlet-javascript>
			/js/main.js
		</footer-portlet-javascript>
		<css-class-wrapper>shortlist-portlet</css-class-wrapper>
	</portlet>
	<portlet>
		<portlet-name>sales-associate</portlet-name>
		<icon>/icon.png</icon>
		<private-session-attributes>false</private-session-attributes>		
		<header-portlet-css>/css/main.css</header-portlet-css>
		<footer-portlet-javascript>
			/js/main.js
		</footer-portlet-javascript>
		<css-class-wrapper>sales-associate-portlet</css-class-wrapper>
	</portlet>
	<role-mapper>
		<role-name>administrator</role-name>
		<role-link>Administrator</role-link>
	</role-mapper>
	<role-mapper>
		<role-name>guest</role-name>
		<role-link>Guest</role-link>
	</role-mapper>
	<role-mapper>
		<role-name>power-user</role-name>
		<role-link>Power User</role-link>
	</role-mapper>
	<role-mapper>
		<role-name>user</role-name>
		<role-link>User</role-link>
	</role-mapper>
</liferay-portlet-app>